question_num,question,option_a,option_b,option_c,option_d,correct_answer
1,Яким чином у конституційному праві розуміється доктрина дружнього ставлення до міжнародного права?,Вимагає врахування європейського та міжнародного права при тлумаченні конституції.,Може в деяких випадках призводити до субсидіарного застосування норм Конституції порівняно з міжнародними актами,Ґрунтується на пріоритетному використанні європейського та міжнародного законодавства при тлумаченні Конституції.,"Передбачає дотримання державою взятих на себе міжнародно- правових зобовʼязань при прийнятті Конституції, внесенні до неї змін та доповнень.",Вимагає врахування європейського та міжнародного права при тлумаченні конституції.
2,Розроблено законопроєкт про внесення змін до розділу ІІІ «Вибори. Референдум» Конституції України. Хто із зазначених суб’єктів має право внести його на розгляд до Верховної Ради України?,щонайменше 150 народних депутатів України,Центральна виборча комісія України,Кабінет Міністрів України,щонайменше 300 народних депутатів України,щонайменше 300 народних депутатів України
3,Повідомлення якого з наведених органів про проведення мітингу є необхідною умовою реалізації права на мирні зібрання?,представництва Уповноваженого Верховної Ради України з прав людини,територіального управління національної поліції,окружного адміністративного суду,місцевої державної адміністрації,місцевої державної адміністрації
4,"Який субʼєкт, згідно з Конституцією України, повноважний визначати засади реалізації стратегічного курсу держави на набуття повноправного членства України в НАТО?",Кабінет Міністрів України,Президент України,Верховна Рада України,Рада національної безпеки і оборони України,Верховна Рада України
5,"Інспектор митної служби, здійснюючи митний контроль в пункті пропуску на українсько-румунському кордоні, володіє українською, румунською та англійською мовами. Яку мову має право застосовувати інспектор при здійсненні митного контролю під час перетину іноземцями державного кордону між Румунією та Україною?","Українську, англійську або румунську мову залежно від потреби, так як ними володіє інспектор.","Українську або румунську мову, оскільки митний контроль здійснюється на кордоні з Румунією.",Виключно українську мову як єдину державну мову в Україні.,Виключно англійську мову як мову міжнародного спілкування.,"Українську, англійську або румунську мову залежно від потреби, так як ними володіє інспектор."
6,Указом Президента України затверджено рішення Ради національної безпеки та оборони України «Про затвердження Положення про Державний реєстр санкцій». На кого покладається контроль за виконанням рішення?,Премʼєр-міністра України.,Голову Верховної ради України.,Президента України.,Секретаря Ради національної безпеки і оборони України.,Секретаря Ради національної безпеки і оборони України.
7,"У місті проживає 130569 осіб, із них 122300 є громадянами України. Станом на 1 січня 2023 року кількість виборців у місті становить 75000. Станом на 1 серпня така кількість становить 74900. У день місцевих виборів (27 жовтня) до списків виборців внесено 75427 громадян. За якою виборчою системою повині були бути проведені вибори міського голови (27 жовтня)?",Мажоритарною системою абсолютної більшості.,Мажоритарною системою відносної більшості.,Пропорційною системою із відкритими списками.,Пропорційною системою із закритими списками.,Мажоритарною системою відносної більшості.
8,Що відповідно до Закону України «Про столицю України місто-герой Київ» НЕ належить до системи органів місцевого самоврядування в м. Києві?,Міська рада.,Міський голова.,Районні ради.,Районні адміністрації міської ради.,Районні адміністрації міської ради.
9,"Хто НЕ є субʼєктом, що здійснює обрання (призначення) членів Вищої Ради правосуддя?",З’їзд суддів України.,Президент України.,Вища кваліфікаційна комісія суддів України.,Верховна Рада України.,Вища кваліфікаційна комісія суддів України.
10,"До територіального підрозділу Державної міграційної служби України надійшло звернення щодо припинення громадянства України особи, стосовно якої встановлено факт наявності громадянства російської федерації. Яке рішення має прийняти уповноважений орган у такій ситуації?",Розпочати адміністративну процедуру позбавлення громадянства,Передати матеріали до суду для вирішення питання про позбавлення громадянства,Передати клопотання про позбавлення громадянства на розгляд Президента України,"Відмовити, оскільки позбавлення громадянства України не допускається","Відмовити, оскільки позбавлення громадянства України не допускається"
11,Що НЕ є підставою для анулювання реєстраційного свідоцтва політичної партії?,Виявлення протягом трьох років з дня реєстрації політичної партії недостовірних відомостей у поданих на реєстрацію документах;,Невисування політичною партією своїх кандидатів по виборах Президента України та виборах народних депутатів України протягом десяти років;,"Діяльність політичної партії, спрямована на порушення суверенітету і територіальної цілісності України, посягання на права і свободи людини; Не забезпечення політичною партією протягом шести місяців з дня","реєстрації утворення та реєстрацію своїх обласних організацій у більшості областей України, містах Києві, Севастополі та в Автономній Республіці Крим.","Діяльність політичної партії, спрямована на порушення суверенітету і територіальної цілісності України, посягання на права і свободи людини; Не забезпечення політичною партією протягом шести місяців з дня"
12,Обласна рада простою більшістю голосів депутатів висловила недовіру голові обласної державної адміністрації. Якими є наслідки такого рішення обласної державної адміністрації?,Президент приймає рішення про відставку або залишення на посаді голови обласної державної адміністраціїі дає раді обґрунтовану відповідь,Президент України доручає Кабінету Міністрів України провести перевірку діяльності голови обласної державної адміністрації,Кабінет Міністрів України вносить подання Президенту України про усунення голови обласної державної адміністрації з посади,Президент України приймає рішення про відставку голови обласної державної адміністрації,Президент приймає рішення про відставку або залишення на посаді голови обласної державної адміністраціїі дає раді обґрунтовану відповідь
13,Що НЕ є підставою для дострокового припинення повноважень Кабінету Міністрів України?,Відставка Прем’єр-Міністра за поданою ним заявою.,Обрання нового парламенту.,Відставка Кабінету Міністрів у зв’язку з прийняттям Верховною Радою України резолюції недовіри.,Відставка більшості членів Кабінету Міністрів України за поданими ними заявами.,Відставка більшості членів Кабінету Міністрів України за поданими ними заявами.
14,Який або які органи Конституційного Суду України відкривають провадження у справі за конституційним зверненням?,Колегія або Велика палата суддів Конституційного Суду України,Колегія або Сенат Конституційного Суду України,Колегія або Секретаріат Конституційного Суду України,Виключно Колегія суддів Конституційного Суду України,Колегія або Велика палата суддів Конституційного Суду України
15,З якою діяльністю може поєднувати перебування на своїй посаді сільський голова?,Адвокатська практика в рамках надання безоплатної правової допомоги,Керівництво профспілковою організацією на громадських засадах,Членство у сімейному фермерському господарстві,Оплачувана медична практика,Оплачувана медична практика
16,Яке з перерахованих прав людини може бути тимчасово обмежене в умовах воєнного або надзвичайного стану?,"Право особисто звертатися до органів державної влади, органів місцевого самоврядування.","Право збиратися мирно, без зброї і проводити збори, мітинги, походи і демонстрації.",Право на свободу та особисту недоторканність.,Право на повагу до гідності.,"Право збиратися мирно, без зброї і проводити збори, мітинги, походи і демонстрації."
17,У якому випадку Колегія Конституційного Суду України має постановити ухвалу про відмову у відкритті конституційного провадження за конституційною скаргою? До Конституційного Суду України звернувся громадянин Республіки,"Польща з конституційною скаргою щодо відповідності Конституції України положень Закону України «Про судовий збір», застосованого в остаточному судовому рішенні в його справі;","До Конституційного Суду України звернулася громадянка України з конституційною скаргою щодо офіційного тлумачення положень частин першої, другої, дев’ятої статті 129 Конституції України; До Конституційного Суду України звернулося Товариство з","обмеженою відповідальністю з конституційною скаргою щодо визнання неконституційними положень частини першої статті 601 Цивільного кодексу України, застосованих у остаточному судовому рішенні у його справі; До Конституційного Суду України звернулась особа без громадянства","з конституційною скаргою щодо визнання неконституційними положень Закону України «Про оренду державного та комунального майна», застосованого в остаточному судовому рішенні в її справі.","До Конституційного Суду України звернулася громадянка України з конституційною скаргою щодо офіційного тлумачення положень частин першої, другої, дев’ятої статті 129 Конституції України; До Конституційного Суду України звернулося Товариство з"
18,"Який принцип адміністративної процедури визначається через визначення обовʼязку адміністративного органу встановлювати, насамперед обставини, що мать значення для вирішення справи?",Безсторонності.,Офіційності.,Пропорційность.,Обґрунтованості.,Офіційності.
19,27.09.2025 року до Приморського районного суду міста Одеси надійшов матеріал про притягнення до адміністративної відповідальності громадянина В. за ч.1 ст. 162 КУпАП (стаття 162. порушення правил про валютні операції). Згідно протоколу ГП 763922 від 11.08.2025 року громадянин В. вчинив адміністративне правопорушення 11.08.2025 року. Справа призначена судом до розгляду на 29.11.2025 року. Які дії повинен вчинити суд?,"звільнити громадянина В. від адміністративної відповідальності і обмежитись усним зауваженням накласти адміністративне стягнення, нижче від найнижчої межі,","встановленої в санкції ст. 160 КУпАП, або перейти до іншого, більш м'якого виду адміністративного стягнення, не зазначеного в санкції ст. 160 КУпАП",визнати громадянина В. винним у вчиненні адміністративного правопорушення та звільнити його від накладення адміністративного стягнення,закрити провадження в справі про адміністративне правопорушення,закрити провадження в справі про адміністративне правопорушення
20,Що із зазначеного може бути віднесено до адміністративних1 актів?,"проміжні рішення суб'єкта публічної адміністрації, що не мають кінцевого регулюючого впливу","офіційні документи, які засвідчують певні факти та не викликають юридичних наслідків","акти-дії суб'єктів публічної адміністрації, що не тягнуть настання юридичних наслідків, маючи лише фактичний результат","акти суб'єктів публічної адміністрації, що не мають письмової форми","акти суб'єктів публічної адміністрації, що не мають письмової форми"
21,"Громадянин О. звернувся до адміністративного суду із позовом про визнання протиправним рішення суб'єкта владних повноважень та його скасування з порушенням строку звернення. До позовної заяви О. додав заяву про поновлення зазначеного строку та докази поважності причин його пропуску. Яку ухвалу має постановити суд, якщо визнає причини пропуску неповажними?",Про залишення позовної заяви без руху.,Про повернення позовної заяви.,Про відмову у відкритті провадження у справі.,Про залишення позовної заяви без розгляду.,Про залишення позовної заяви без руху.
22,"Який вид джерел адміністративного права становлять акти, що не мають обов’язкової юридичної сили та характеризуються як «м’яке право»?","національні джерела, включаючи акти центральних органів виконавчої влади","міжнародні джерела, наприклад акти міжнародних організацій","судові джерела, зокрема практика Європейського суду з прав людини","неформалізовані джерела адміністративного права, зокрема правова доктрина","міжнародні джерела, наприклад акти міжнародних організацій"
23,"А., будучи військовослужбовцем Державної прикордонної служби України, створив дослідницьку лабораторію і систематично здійснював наукові дослідження та експериментальні розробки, завдяки чому отримував постійний прибуток. ЧИ ДОПУСТИВ А. ПОРУШЕННЯ встановлених законом обмежень щодо сумісництва та суміщення з іншими видами діяльності?","Ні, оскільки названі обмеження не поширюються на військовослужбовців","Ні, оскільки наукова діяльність є дозволеним видом суміщення та сумісництва","Так, оскільки наукова діяльність не віднесена до дозволених видів суміщення та сумісництва","Так, оскільки в описаній ситуації наявні ознаки підприємницької діяльності","Так, оскільки в описаній ситуації наявні ознаки підприємницької діяльності"
24,Підприємець подав заяву про виділення земельної ділянки під будівництво відпочинкового закладу до міської ради. Поряд із земельною ділянкою знаходиться земельна ділянка Реабілітаційного центру для диких тварин екологічного громадського обʼєднання. Працівники реабілітаційного центру вирішили не допустити майбутнього будівництва та виступили проти виділення земельної ділянки через побоювання шуму. Яким субʼєктом адміністративної процедури у даній ситуації с працівники реабілітаційного центру?,Заявники.,Зацікавлені особи.,Адресати.,Заінтересовані особи.,Заінтересовані особи.
25,Верховний Суд відкрив касаційне провадження в адміністративній справі за позовом ТОВ «Альфа» до органу публічної влади про визнання протиправним та скасування індивідуального акта; третя особа без самостійних вимог — ТОВ «Бета». Під час касаційного розгляду позивач подав заяву про відмову від позову та просив закрити провадження у справі.,"Ухвалу про відмову у прийнятті відмови від позову, оскільки відмова від позову можлива лише у суді першої інстанції.","Ухвалу про відмову у прийнятті відмови від позову, оскільки відмова від позову неможлива у справах, в яких беруть участь треті особи.","Ухвалу про прийняття відмови від позову, закриття провадження у справі та залишення в силі рішень судів першої та другої інстанції.","Ухвалу про прийняття відмови від позову, визнання нечинними рішень судів першої та другої інстанції, закриття провадження у справі.","Ухвалу про прийняття відмови від позову, визнання нечинними рішень судів першої та другої інстанції, закриття провадження у справі."
26,На яких посадах і за яких умов можуть бути залишені посадові особи місцевого самоврядування після досягнення ними граничного віку перебування на службі в органах місцевого самоврядування?,"На посадах радників чи консультантів (патронатна служба), за умови, якщо такі посади передбачені штатним розписом, але не більше пʼяти років.","На посадах радників чи консультантів (патронатна служба) за рішенням відповідного голови, за умови роботи виключно як позаштатні працівники.","На будь-яких посадах, за рішенням відповідного голови, за умови, якщо так посади передбачені штатним розписом.","На посадах радників чи консультантів (патронатна служба), якщо такі посади передбачені штатним розписом, на умовах строкового трудового договору. Про службу в органах м/c","На посадах радників чи консультантів (патронатна служба), якщо такі посади передбачені штатним розписом, на умовах строкового трудового договору. Про службу в органах м/c"
27,"Коли здійснюється обовʼязкова антикорупційна експертиза нормативно-правових актів, які підлягають державній реєстрації?",Після отримання дозволу на проведення реєстрації актів.,Під час здійснення державної реєстрації.,До проведення державної реєстрації актів.,Після проведення державної реєстраці актів.,Під час здійснення державної реєстрації.
28,Що із наведеного є основним завданням державної інспекції?,Управління об’єктами державної власності.,Надання адміністративних послуг.,Здійснення державного нагляду (контролю).,Формування та реалізація державної політики в певній галузі.,Здійснення державного нагляду (контролю).
29,"Правила якої підсудності було порушено позивачем, який в інтересах неповнолітньої доньки звернувся до районного суду як адміністративного суду з позовом, у якому просив визнати протиправною відмову відповідача у видачі доньці паспорта громадянина України у вигляді книжечки, зобовʼязати відповідача оформити та видати паспорт громадянина України у формі книжечки?",Інстанційної,Виключної.,Територіальної.,Предметної.,Предметної.
30,До ознак якого інструменту публічного адміністрування належить неодноразовість застосування?,Індивідуальний акт.,Акти-дії.,Нормативно-правовий акт (нормативний акт).,Адміністративний акт.,Нормативно-правовий акт (нормативний акт).
31,До предметної підсудності якого суду належить позов Приватного підприємства до інспектора з паркування міської ради про скасування постанови про накладення адміністративного стягнення за правопорушення у сфері забезпечення безпеки дорожнього руху?,Окружного адміністративного суду.,Апеляційного адміністративного суду.,Місцевого загального суду як адміністративного.,Апеляційного загального суду.,Місцевого загального суду як адміністративного.
32,З дотриманням якого принципу здійснюється державна служба відповідно до Закону України «Про державну службу»?,Демократизму.,Гласності.,Стабільності.,Публічності.,Стабільності.
33,"Як відповідно до Закону України «Про звернення громадян» називається письмове звернення громадянина, у якому міститься повідомлення про порушення чинного законодавства, якщо воно було надіслане за допомогою електронної пошти?",Електронна петиція.,Скарга.,Запит на інформацію.,Заява.,Заява.
34,"Яку обставину субʼєкт, що накладає адміністративне стягнення1 за вчинення адміністративного правопорушення, може НЕ визнати обтяжуючою?",Вчинення правопорушення в умовах стихійного лиха.,Втягнення неповнолітнього в правопорушення.,Вчинення правопорушення групою осіб.,Вчинення правопорушення в стані спʼяніння.,Вчинення правопорушення в стані спʼяніння.
35,"Як називається застосування до договору про нерозголошення конфіденційної інформації, через відсутність спеціальних норм, що його регулюють, положень статей та 627 Цивільного кодексу України про свободу договору?",Аналогія закону.,Аналогія права.,Правова колізія.,Юридична фікція.,Аналогія права.
36,Хто належить до первинних субʼєктів суміжних прав?,Спадкоємець виконавця.,Організація мовлення.,Редакція друкованого медіа.,Продюсер аудіовізуального твору.,Організація мовлення.
37,В якому випадку використання імені фізичної особи без її згоди є правомірним відповідно до Цивільного кодексу України?,"Імʼям фізичної особи названо одного з персонажів художнього фільму, сценарій якого засновано на реальних подіях","Імʼя науковця зазначено у протоколі та на відеозаписі засідання вченої ради університету, в якому він працює",Імʼя фізичної особи потерпілого зазначено у репортажі з місця злочину,"Імʼя учасника цивільного спору, який стосується особистого життя сторін, висвітлено у дописі в соціальній мережі","Імʼя науковця зазначено у протоколі та на відеозаписі засідання вченої ради університету, в якому він працює"
38,За якої умови позовна давність НЕ поширюється на вимоги відшкодування шкоди?,Якщо предʼявленню позову перешкоджала надзвичайна або невідворотна за даних умов подія (непереборна сила).,Якщо шкоди завдано смертю фізичної особи внаслідок порушення правил дорожнього руху.,"Якщо зобовʼязана особа вчинила дії, що свідчать про визнання нею свого обовʼязку.","Якщо суд залишив без розгляду позов про відшкодування шкоди, предʼявлений у кримінальному провадженні.",Якщо шкоди завдано смертю фізичної особи внаслідок порушення правил дорожнього руху.
39,"У якому порядку відшкодовується шкода, завдана фізичній особі внаслідок її незаконного засудження?","відшкодовується державою у повному обсязі незалежно від вини посадових і службових осіб органу дізнання, попереднього (досудового) слідства, прокуратури або суду; відшкодовується державою у фіксованому розмірі (100 мінімальних","заробітних плат) за відсутності вини посадових і службових осіб органу дізнання, попереднього (досудового) слідства, прокуратури або суду;","відшкодовується державою при наявності вини посадових і службових осіб органу дізнання, попереднього (досудового) слідства, прокуратури або суду.",не відшкодовується;,"відшкодовується державою у повному обсязі незалежно від вини посадових і службових осіб органу дізнання, попереднього (досудового) слідства, прокуратури або суду; відшкодовується державою у фіксованому розмірі (100 мінімальних"
40,В якому випадку власник житлового будинку та земельної ділянки НЕ набуває права на компенсацію у зв’язку із зниженням цінності цих об’єктів?,зниження рівня шумової захищеності території;,погіршення природних властивостей землі;,зниження рівня екологічної захищеності території;,видання правового акта органом державної влади.,видання правового акта органом державної влади.
41,"А. і Б. є співвласниками в рівних частках чотирикімнатної квартири. А. зі своєю сім'єю займає три кімнати в цій квартирі. Б., керуючись тим, що його частка становить одну другу, звернувся до А. з вимогою звільнити одну з кімнат. А. відмовився задовольнити цю вимогу. Яким буде належний спосіб захисту прав А., НЕ пов'язаний із припиненням права спільної власності?",Установлення порядку володіння й користування квартирою.,Виділ частки в натурі.,Поділ квартири в натурі.,Усунення перешкод у володінні й користуванні квартирою.,Установлення порядку володіння й користування квартирою.
42,"У день виселення із готелю А. виявив відсутність фотоапарату. Через те, що поспішав до аеропорту, А. вирішив повідомити про це адміністрацію готелю після повернення додому. Повернувшись додому, А. звернувся до готелю «Б» із проханням повернути йому фотоапарат, будучи упевненим, що останній раз користувався ним у готелі, однак адміністрацією готелю йому було відмовлено. Чи правомірні дії адміністрації готелю?","Так, оскільки, зберігання речі (фотоапарату) не було прописано в умовах договору зберігання речей в готелі.","Ні, оскільки готель відповідає за схоронність речей, не залежно від того, протягом якого строку після виселення з готелю, особа предʼявила свої вимоги про втрачену річ.","Так, оскільки до закінчення строку проживання особа не предʼявила свої вимоги до готелю, тому вважається, що річ не була втрачена.","Ні, оскільки готель у будь-якому випадку несе відповідальність за втрату чи пошкодження речі, яка знаходилася в готелі.","Так, оскільки до закінчення строку проживання особа не предʼявила свої вимоги до готелю, тому вважається, що річ не була втрачена."
43,Громадянин Д. працює в Університеті на посаді доцента кафедри психології. У зв'язку з виконанням трудових обов'язків Д. підготував конспект лекцій із курсу «Основи психології» і передав його примірник керівництву Університету. Жодних договорів щодо прав на створювані у зв'язку з виконанням трудових обов'язків об'єкти між Д. і Університетом НЕ укладено. Кому належать права інтелектуальної власності на конспект лекцій?,"Особисті немайнові права належать Д., а майнові Д. і Університету спільно.","Особисті немайнові права належать Д., а майнові Університету.",Особисті немайнові і майнові права належать Д. як автору.,Особисті немайнові і майнові права належать Університету як роботодавцю. Про Про авторське право і суміжні права,"Особисті немайнові права належать Д., а майнові Університету."
44,"ОСОБА 1 уклала спадковий договір з ОСОБОЮ 2 щодо всього належного їй майна. Через пів року ОСОБА 1 склала заповіт на користь ОСОБИ 3, відповідно до якого після смерті ОСОБИ усе майно має перейти ОСОБІ 3.","ОСОБА 2, оскільки заповіт є нікчемним","ОСОБА 3, оскільки заповіт скасовує спадковий договір","ОСОБА 2, оскільки заповіт є фіктивним","ОСОБА 3, оскільки спадковий договір є недійсним","ОСОБА 2, оскільки заповіт є нікчемним"
45,"Наречені уклали письмовий договір дарування, за яким наречений взяв на себе обов’язок подарувати кольє з діамантами нареченій в день реєстрації шлюбу, однак до цього моменту підприємство нареченого збанкрутувало і понесені вже витрати на весілля не залишили в нього матеріальної можливості виконати обов’язок. Яке право виникає в дарувальника?",Відстрочити виконання обов’язку за договором.,Вимагати визнання договору недійсним в судовому порядку.,Відмовитись від договору.,Вимагати розірвання договору в судовому порядку.,Відмовитись від договору.
46,Що є предметом віндикаційного позову?,вимога позивача до відповідача про повернення майна з чужого незаконного володіння,"речі, визначені індивідуальними ознаками, які існують в натурі на момент подання позову;",вимога позивача про усунення з боку відповідача будь-яких перешкод у здійсненні ним права користування та розпоряджання своїм майном;,усунення триваючого правопорушення.,вимога позивача до відповідача про повернення майна з чужого незаконного володіння
47,"Які правові наслідки недодержання вимоги закону про нотаріальне посвідчення одностороннього правочину, якщо буде встановлено його відповідність справжній волі особи?","Правочин може бути визнаний дійсним в судовому порядку, якщо щодо цього відсутне заперечення іншої сторони правочину.","Правочин може бути визнаний дійсним в судовому порядку, якщо буде встановлено, що нотаріальному посвідченню перешкоджала обставина, яка не залежала від волі особи.","Правочин може бути визнаний дійсним в судовому порядку, якщо буде встановлено, що правочин повністю виконаний сторонами на момент звернення до суду.","Правочин може бути визнаний дійсним в судовому порядку, якщо буде встановлено, що нотаріальному посвідченню нічого не перешкоджає.","Правочин може бути визнаний дійсним в судовому порядку, якщо буде встановлено, що нотаріальному посвідченню перешкоджала обставина, яка не залежала від волі особи."
48,"Громадянин О. дізнався про відкриття спадщини через десять місяців після смерті свого батька. Вся спадщина перейшла до його брата, громадянина Д. З якою заявою може звернутися громадянин О. до суду для того, щоб здійснити своє право на спадкування?",Про визнання права на спадщину громадянина О.,Про розподіл спадщини між громадянином О. та громадянином Д.,Про продовження строку для прийняття спадщини громадянину О.,Про надання права на спадкування громадянину О.,Про продовження строку для прийняття спадщини громадянину О.
49,"Який із наведених спадкоємців вважається таким, що прийняв спадщину автоматично, без подання заяви про прийняття спадщини?","Племінник спадкодавця, який останнім часом постійно доглядав за спадкодавцем, фактично проживав разом з ним на час відкриття спадщини, але був зареєстрований в іншому місці.","Батько спадкодавця, 85 років, особа з інвалідністю III групи.","Донька спадкодавця, 16 років, не проживала зі спадкодавцем на час відкриття спадщини та зареєстрована в іншому місці.","Дружина спадкодавця, особа з інвалідністю І групи, не проживала спадкодавцем та була зареєстрована в іншому місці.","Донька спадкодавця, 16 років, не проживала зі спадкодавцем на час відкриття спадщини та зареєстрована в іншому місці."
50,"Дідусь 14-річного Олександра уклав договір банківського вкладу та вніс на його імʼя гроші. Вклад у повному розмірі було знято Олександрою через рік, а договір автоматично був припинений. Яке положення правильно характеризує наведену ситуацію, зважаючи на приписи норм Цивільного Кодексу України щодо обсягу дієздатності?",Вчинення таких дій повністю відповідає обсягу цивільної дієздатності Олександра.,"Зняття грошових коштів стало можливим лише тому, що на це був дозвіл дідуся.","Зняття грошей стало можливим лише тому, що на це була згода батьків Олександра.","Зняття грошей стало можливим тому, що була згода органу опіки та піклування та батьків Олександра.","Зняття грошей стало можливим тому, що була згода органу опіки та піклування та батьків Олександра."
51,Між магазином та постачальником було укладено договір купівлі-продажу з відстроченням платежу. Сторони домовилися про заміну договору купівлі-продажу на позикове зобов’язання. Чи допустимий варіант обрали сторони для припинення зобов’язання за таких обставин та чому?,"Ні, це застосування цесії","Так, це використання новації","Так, має місце процедура санації","Ні, має місце реструктуризація боргу","Так, це використання новації"
52,"Для цього різновиду юридичної особи нормами Цивільного кодексу України дозволяється перетворення лише у три організаційно-правові форми: акціонерне товариство, товариство з обмеженою відповідальністю, товариство з додатковою відповідальністю. Що це за юридична особа?",Державне підприємство,Державна установа,Комунальне підприємство,Комунальна установа За 2 дні до судового засідання позивач подав до місцевого суду заяву про відвід судді. Який склад суду має розглянути,Державна установа
53,За 2 дні до судового засідання позивач подав до місцевого суду заяву про відвід судді. Який склад суду має розглянути цю заяву?,"Суддя, який розглядає справу","Суддя, який не входить до складу суду, що розглядає справу","Суд відповідної інстанції, найбільш територіально наближений до цього суду",Суд апеляційної інстанції,"Суддя, який розглядає справу"
54,Н. звернувся до суду із заявою про встановлення факту родинних відносин між ним та спадкодавцем з метою реалізації права на спадщину. Під час розгляду справи суд встановив виникнення спору про право на спадщину між заявником та заінтересованими особами. Якими мають бути дії суду?,Суд продовжує розгляд справи по суті в межах встановлення факту родинних відносин,"Суд закриває провадження у справі і роз’яснює заінтересованим особам, що вони мають право подати позов на загальних підставах",Суд залишає право подати позов на загальних підставах,"Суд залишає заяву без розгляду і роз’яснює заінтересованим особам, що вони мають право подати позов на загальних підставах","Суд залишає заяву без розгляду і роз’яснює заінтересованим особам, що вони мають право подати позов на загальних підставах"
55,В якому випадку у разі видачі судового наказу боржник може1 звернутися до суду першої інстанції?,"Про перерахунок нарахованої, але не виплаченої працівникові суми заробітної плати",Про зменшення суми заборгованості за оплату електронних комунікаційних послуг,Про зменшення суми розміру аліментів,"Про збільшення суми вартості товару неналежної якості, що підлягає поверненню",Про зменшення суми розміру аліментів
56,Які процесуально-правові наслідки може мати НЕвнесення позивачем у визначений судом строк коштів для забезпечення судових витрат відповідача?,закриття провадження у справі;,залишення позову без розгляду;,відмову у відшкодуванні судових витрат позивача повністю;,відмову в задоволенні позовних вимог.,залишення позову без розгляду;
57,Яка процесуальна дія спричиняє неможливість повторного звернення до суду з тотожним позовом?,закриття провадження у справі;,залишення позову без розгляду;,повернення позовної заяви;,жодна процесуальна дія не може бути перешкодою для повторного звернення до суду з тотожним позовом.,закриття провадження у справі;
58,"У справі про відшкодування майнової та моральної шкоди за наслідками розгляду справи у загальному позовному провадженні суд ухвалив рішення про часткове задоволення позовних вимог. В судовому засіданні було проголошено лише вступну та резолютивну частину, відповідно до якої суд задовольнив позовну вимогу про відшкодування майнової шкоди, а вимогу про відшкодування моральної шкоди залишив без розгляду. Суддя повідомив, що з повним текстом рішення сторони можуть ознайомитись через десять днів. Чи припустився суд помилки?","так, оскільки повний текст рішення має бути складений не пізніше ніж за п’ять днів;","так, оскільки рішення призначене для вирішення справи по суті та ним не може бути вирішене питання про залишення позовної вимоги без розгляду;","так, оскільки рішення про відшкодування майнової та моральної шкоди підлягають негайному виконанню, а тому суд одразу зобов’язаний був проголосити повний текст рішення;","ні, суд не припустився жодної помилки.","так, оскільки рішення призначене для вирішення справи по суті та ним не може бути вирішене питання про залишення позовної вимоги без розгляду;"
59,У якому з наведених випадків суддя відмовляє у видачі судового наказу?,"У заяві про видачу судового наказу містяться вимоги, частина з яких не підлягає розгляду в порядку наказного провадження, і ці вимоги не є взаємопов'язані.","З моменту виникнення права вимоги пройшов строк, який перевищує позовну давність, установлену законом для такої вимоги.",Заявник відкликав заяву про видачу судового наказу до її розгляду судом.,Судом раніше відмовлено у видачі судового наказу з підстави порушення вимог щодо форми й змісту заяви про видачу судового наказу.,"З моменту виникнення права вимоги пройшов строк, який перевищує позовну давність, установлену законом для такої вимоги."
60,Яка з наведених категорій справ НЕ може бути розглянута в порядку спрощеного позовного провадження?,"справи, що виникають з трудових відносин",справи щодо спадкування,справи щодо визнання права власності на земельну ділянку,справи про стягнення аліментів,справи щодо спадкування
61,"Який процесуальний документ постановляє суд у випадку подання зустрічного позову у справі, яка розглядається за правилами спрощеного позовного провадження?",ухвалу про залишення позовної заяви без розгляду,ухвалу про перехід до розгляду справи за правилами загального позовного провадження,ухвалу про закриття провадження у справі,ухвалу про закриття підготовчого провадження та призначення справи до судового розгляду по суті,ухвалу про перехід до розгляду справи за правилами загального позовного провадження
62,"У провадженні Київського районного суду м. Одеси знаходиться справа про розірвання договору ренти. Після задоволення клопотання про відвід судді зʼясувалось, що новий склад суду для розгляду цієї справи утворити неможливо. Яким чином слід вирішити цю ситуацію?","Розпорядженням голови суду вирішити питання про передачу справи на розгляд іншого суду, найбільш територіально наближеного до цього суду.","Передати справу до суду вищої інстанції для визначення суду, який розглядатиме справу.","Постановити ухвалу про закриття провадження у справі та запропонувати учасникам звернутися з цим позовом до суду, найбільш територіально наближеного до цього суду.","Постановити ухвалу про передачу справи на розгляд іншого суду, найбільш територіально наближеного до цього суду.","Розпорядженням голови суду вирішити питання про передачу справи на розгляд іншого суду, найбільш територіально наближеного до цього суду."
63,"За позовом К. до І. щодо зняття з реєстрації місця проживання та виселення Дарницьким районним судом міста Києва відкрито провадження в справі. До закінчення підготовчого провадження до суду надійшло клопотання відповідача І. про залучення до участі в справі як співвідповідача Д. Своє клопотання відповідач обґрунтував тим, що предметом спору є спільні права І. та Д. Яким має бути судове рішення?",Постановити ухвалу про задоволення клопотання про залучення до участі в справі співвідповідача Д.,Постановити ухвалу про залишення без руху клопотання про залучення до участі в справі співвідповідача Д.,"Постановити ухвалу про залучення до участі в справі Д. як третьої особи, яка заявляє самостійні вимоги щодо предмета спору.",Постановити ухвалу про відмову в задоволенні клопотання про залучення до участі в справі співвідповідача Д.,Постановити ухвалу про відмову в задоволенні клопотання про залучення до участі в справі співвідповідача Д.
64,"Відповідач, подаючи заперечення щодо наведених позивачем1 у відповіді на відзив пояснень, посилався на додаткові обставини, що не наводились у відзиві, та підтвердив їх доказами, які ним раніше не подавалися. Як повинен вчинити суд при розгляді справи?",Бере до уваги відповідні докази в обов'язковому порядку.,"Не бере до уваги, тому що докази подаються відповідачем разом з відзивом.","Бере до уваги, якщо відповідач обґрунтує неможливість подання їх разом з відзивом.","Не бере до уваги, тому що докази подаються на стадії розгляду справи по суті.",Бере до уваги відповідні докази в обов'язковому порядку.
65,Хто є суб’єктом звернення до суду із заявою про скасування заочного рішення?,позивач;,відповідач;,"особи, які не брали участі у справі;",треті особи.,відповідач;
66,До якого суду подається заява про скасування рішення міжнародного комерційного арбітражу?,до місцевого загального суду за місцезнаходженням арбітражу,до місцевого загального суду за місцезнаходженням боржника,до апеляційного загального суду за місцезнаходженням арбітражу,до апеляційний загального суду за місцезнаходженням боржника,до апеляційного загального суду за місцезнаходженням арбітражу
67,За наявності якої умови суд апеляційної інстанції повинен відмовити у відкритті апеляційного провадження якщо апеляційна скарга подана після спливу одного року з дня складення повного тексту судового рішення?,У разі пропуску строку на апеляційне оскарження внаслідок виникнення складних життєвих обставин.,"У разі подання апеляційної скарги особою, не повідомленою про розгляд справи.",У разі пропуску строку на апеляційне оскарження внаслідок виникнення обставин непереборної сили.,"У разі подання апеляційної скарги особою, не залученою до участі справі, якщо суд ухвалив рішення про її права, свободи, інтереси та (або) обовʼязки.",У разі пропуску строку на апеляційне оскарження внаслідок виникнення складних життєвих обставин.
68,"У якому з варіантів відповіді НЕ правильно вказано категорії цивільних справ, у яких суд допускає негайне виконання рішень?","Присудження працівникові виплати заробітної плати, але не більше ніж за один місяць: стягнення аліментів у межах суми платежу за один місяць. Відшкодування шкоди, завданої каліцтвом, іншим ушкодженням","здоровʼя або смертю фізичної особи, у межах суми стягнення за один місяць; розкриття банком інформації, яка містить банківську таємницю щодо фізичних та юридичних осіб.","Сплату податків, присудження працівникові виплати заробітної плати, але не більше ніж за один місяць.","Поновлення на роботі незаконно звільненого або переведеного на іншу роботу працівника: відібрання дитини і повернення й тому, з ким вона проживала.","Сплату податків, присудження працівникові виплати заробітної плати, але не більше ніж за один місяць."
69,Під час судового засідання сторони подали до суду спільну письмову заяву про укладення мирової угоди. Який процесуальний документ повинен постановити суд в такій ситуації?,Ухвалу про визнання мирової угоди.,Ухвалу про затвердження мирової угоди.,Ухвалу про затвердження мирової угоди в резолютивній частині якої зазначаються умови такої угоди та про закриття провадження у справі.,"Рішення, в резолютивній частині якого зазначаються умови мирової угоди.",Ухвалу про затвердження мирової угоди в резолютивній частині якої зазначаються умови такої угоди та про закриття провадження у справі.
70,"Який принцип чинності кримінального закону слід застосувати для притягнення до кримінальної відповідальності за КК України громадянина іноземної держави, що вчинив особливо тяжкий злочин на території Білорусі проти інтересів України за відсутності відповідних міжнародно-правових зобов’язань?",Реальний,Територіальності,Громадянства,Універсальний,Реальний
71,"А. вчинив діяння, передбачене ч. 1 ст. 262 КК України, а саме: «Викрадення, привласнення, вимагання вогнепальної зброї (крім гладкоствольної мисливської), бойових припасів, вибухових речовин, вибухових пристроїв чи радіоактивних матеріалів або заволодіння ними шляхом шахрайства». Через тиждень А. вчинив діяння, передбачене ч. 3 ст. 185 КК України, а саме: «Крадіжка, поєднана з проникненням у житло, інше приміщення чи сховище або що завдала значної шкоди потерпілому». Визначте вид множинності кримінальних правопорушень.",Повторність однорідних кримінальних правопорушень,Повторність різнорідних кримінальних правопорушень,Реальна сукупність кримінальних правопорушень,Рецидив кримінальних правопорушень 185 ККУ Примітка.,Повторність однорідних кримінальних правопорушень
72,"Громадянин А. 18 листопада 2023 року таємно викрав нарізну мисливську зброю. Через місяць він вчинив таємне викрадення грошових коштів на суму 10 тис. грн. Щодо громадянина А. було порушено кримінальне провадження. Визначте, яка форма (вид) множинності має місце у поведінці громадянина A.?",Повторність тотожних кримінальних правопорушень,Повторність однорідних кримінальних правопорушень,Реальна сукупність кримінальних правопорушень,Спеціальний рецидив кримінальних правопорушень,Повторність однорідних кримінальних правопорушень
73,"Ш. знайшов посвідчення учасника бойових дій, яке було видано на ім'я іншої особи. Потім, перебуваючи за місцем свого проживання, вклеїв власну фотокартку в знайдене посвідчення, маючи умисел на його подальше використання метою отримання матеріальної вигоди при користуванні пільгами, встановленими Законом України «Про статус ветеранів війни, гарантії їх соціального захисту». Указаний намір Ш. реалізував, пред'явивши чуже посвідчення з власним фото квитковому контролеру для безкоштовного проїзду в громадському транспорті. Кваліфікуйте дії Ш.",Підроблення документів (ч. 1 ст. 358 КК України).,Привласнення офіційного документа (ч. 1 ст. 357 України).,Підроблення документів (ч. 1 ст. 358 КК України) та використання завідомо підробленого документа (ч. 4 ст. 358 КК України).,Підроблення документів (ч. 1 ст. 358 КК України) та самовільне присвоєння влади або звання службової особи (ч. 1 ст. 353 КК України).,Підроблення документів (ч. 1 ст. 358 КК України) та використання завідомо підробленого документа (ч. 4 ст. 358 КК України).
74,"У невстановленої слідством особи наркоман С. придбав медичний шприц з однією дозою речовини, яку вважав героїном. Того ж дня його було зупинено співробітниками поліції та під час особистого огляду видав цей медичний шприц об'ємом 10 мл з рідиною об'ємом 0,2 мл. За висновком судової експертизи наркотичних засобів у вилученому шприці був фізіологічний розчин. Як кваліфікувати дії С.?","Закінчений замах на незаконне придбання і зберігання наркотичних засобів без мети збуту (ч. 2 ст. 15, ч. 1 ст. 309 КК України).",Незаконне придбання і зберігання наркотичних засобів без мети збуту (ч. 1 ст. 309 КК України).,Незаконне придбання і зберігання особливо небезпечних наркотичних засобів із метою збуту (ч. 2 ст. 307 КК України).,У діях С. складу злочину немає.,"Закінчений замах на незаконне придбання і зберігання наркотичних засобів без мети збуту (ч. 2 ст. 15, ч. 1 ст. 309 КК України)."
75,Яке з перелічених діянь охоплюється об'єктивною стороною складу злочину «Випуск в експлуатацію технічно несправних транспортних засобів або інше порушення їх експлуатації» (ст. 287 КК)?,"Допуск до керування транспортним засобом особи, яка не має права на керування транспортним засобом.","Керування транспортним засобом у стані алкогольного, наркотичного чи іншого сп'яніння.","Порушення правил безпеки експлуатації транспорту особою, яка керує транспортним засобом.",Заміна без дозволу відповідних органів номерної панелі з ідентифікаційним номером транспортного засобу.,"Допуск до керування транспортним засобом особи, яка не має права на керування транспортним засобом."
76,До кого може бути застосоване кримінальне покарання у вигляді арешту?,"до будь-якої особи, яка досягла віку кримінальної відповідальності","до будь-якої особи, яка досягла 16-річного віку","до будь-якої особи, яка досягла 18-річного віку",до військовослужбовця,до військовослужбовця
77,"Особа без громадянства, яка постійно проживає на території України, вчинила умисне вбивство на території Молдови. Застосування якого принципу чинності закону України про кримінальну відповідальність має місце в такому випадку за загальним правилом відповідно до кримінального законодавства України?",громадянства,територіального,універсального,реального,громадянства
78,"Максимальним ступенем шкоди здоровʼю, властивим насильницькому грабежу, є:",виривання майна з рук потерпілого,"заподіяння легкого тілесного ушкодження, що не спричинило розладу здоровʼя та втрати працездатності","заподіяння легкого тілесного ушкодження, що спричинило короткочасний розлад здоровʼя або працездатності",заподіяння тілесних ушкоджень середнього ступеня тяжкості,"заподіяння легкого тілесного ушкодження, що не спричинило розладу здоровʼя та втрати працездатності"
79,"Укажіть відповідь, в якій названо передбачений Кримінальним кодексом України вид звільнення особи від кримінальної відповідальності?",звільнення від кримінальної відповідальності у звʼязку з явкою з повинною,звільнення від кримінальної відповідальності у звʼязку з щирим каяттям,звільнення від кримінальної відповідальності при готуванні до злочину невеликої тяжкості,звільнення від кримінальної відповідальності у звʼязку з зміною обстановки,звільнення від кримінальної відповідальності у звʼязку з зміною обстановки
80,Які з названих нижче заходів кримінально-правового характеру можуть застосовуватись щодо юридичних осіб лише як основні?,штраф та ліквідація,штраф та конфіскація,лише штраф,лише ліквідація,штраф та ліквідація
81,"З якого моменту особа вважається такою, що досягла певного віку?",З 00 годин 00 хвилин наступної доби після дня свого народження.,З 00 годин 01 хвилини наступної доби після дня свого народження.,З 00 години 01 хвилини дня свого народження.,З 00 годин 00 хвилин дня свого народження.,З 00 годин 00 хвилин наступної доби після дня свого народження.
82,"Особа вчинила кримінальне правопорушення у стані осудності, але до винесення вироку захворіла на психічну хворобу. Щодо неї було застосовано примусовий захід медичного характеру. Невдовзі особа видужала. Чи підлягає вона покаранню?",Не підлягає покаранню.,Підлягає подальшому відбуванню покарання з врахуванням строку лікування.,Може підлягати покаранню на загальних підставах,Підлягає покаранню лише у разі вчинення тяжкого чи особливо тяжкого кримінального правопорушення.,Може підлягати покаранню на загальних підставах
83,У якому із варіантів відповідей зазначені види звільнення від кримінальної відповідальності що є безумовними?,звільнення від кримінальної відповідальності у зв’язку з передачею особи на поруки та звільнення від кримінальної відповідальності у зв’язку з примиренням винного з потерпілим;,звільнення від кримінальної відповідальності у зв’язку зі зміною обстановки та звільнення від кримінальної відповідальності у зв’язку з дійовим каяттям звільнення від кримінальної відповідальності у зв’язку з передачею,особи на поруки та звільнення від кримінальної відповідальності неповнолітнього із застосуванням примусових заходів виховного характеру; звільнення від кримінальної відповідальності неповнолітнього із,застосуванням примусових заходів виховного характеру та звільнення від кримінальної відповідальності у зв’язку зі зміною обстановки;,звільнення від кримінальної відповідальності у зв’язку зі зміною обстановки та звільнення від кримінальної відповідальності у зв’язку з дійовим каяттям звільнення від кримінальної відповідальності у зв’язку з передачею
84,"Хто з нижче перелічених осіб НЕ може бути потерпілим від кримінального правопорушення, передбаченого ст. 112 Кримінального кодексу України (Посягання на життя державного чи громадського діяча)?",Генеральний прокурор України.,Голова Конституційного Суду України.,Голова Верховної Ради України.,Державний секретар Кабінету Міністрів України,Державний секретар Кабінету Міністрів України
85,"Вкажіть особливість, яку має втрата працездатності як ознака1 тілесного ушкодження?",Вона може бути ознакою лише тяжкого тілесного ушкодження.,"Вона повинна бути стійкою (необоротною), тобто такою, яка повністю не відновлюється.","Вона вимірюється в днях, протягом яких особа перебувала на стаціонарному чи амбулаторному лікуванні.","Вона стосується лише професійної працездатності, а втрата загальної працездатності до уваги братися не може.","Вона повинна бути стійкою (необоротною), тобто такою, яка повністю не відновлюється."
86,"Водій А., втомлений після нічного переїзду, під час спільного приятелем Б. розпиття горілки, раптово безпричинно розпочав бійку, під час якої заподіяв Б. тяжке тілесне ушкодження. Судово-психіатрична експертиза дійшла висновку, що А. під час вчинення вказаних дій перебував у стані патологічного сп’яніння і не міг усвідомлювати свої дії. Чи буде А. притягнуто до кримінальної відповідальності?","Так, на загальних підставах.","Так, а стан сп’яніння буде обставиною, що обтяжить покарання.","Ні, у зв’язку з визнанням А. обмежено осудним.","Ні, у зв’язку з визнанням А. неосудним.","Ні, у зв’язку з визнанням А. неосудним."
87,"Яку обставину, що обтяжує покарання, суд має обовʼязково врахувати?",Вчинення кримінального правопорушення спеціальними субʼєктами,Вчинення кримінального правопорушення групою осіб без попередньої змови,"Вчинення кримінального правопорушення з використанням особи, яка страждає недоумством",Вчинення кримінального правопорушення вагітною,"Вчинення кримінального правопорушення з використанням особи, яка страждає недоумством"
88,"Зміст якої засади кримінального провадження розкриває наступне положення: «Прокурор, керівник органу досудового розслідування, слідчий зобов’язані всебічно, повно і неупереджено дослідити обставини кримінального провадження, виявити як ті обставини, що викривають, так і що виправдовують підозрюваного, обвинуваченого, а також обставини, що пом’якшують чи обтяжують його покарання, надати їм належну правову оцінку та забезпечити прийняття законних і неупереджених процесуальних рішень»?",Доступ до правосуддя,"Всебічність, повнота та неупередженність дослідження обставин кримінального провадження",Законність,Публічність,Законність
89,"У судове засідання не з'явився цивільний позивач, який був належним чином повідомлений про дату і час судового засідання, однак жодних клопотань чи заяв від нього не надходило й про причини своєї неявки він не попереджав. Цивільний відповідач заперечує проти задоволення цивільного позову. Якими мають бути дії суду?","З'ясувавши думку інших учасників судового провадження, відкласти судовий розгляд.",Залишити цивільний позов без розгляду.,Провести судовий розгляд і вирішити цивільний позов за наявними справі матеріалами.,Відмовити в задоволенні цивільного позову.,Залишити цивільний позов без розгляду.
90,У якому випадку затримання та тримання під вартою можуть застосовуватися до неповнолітнього? Якщо він підозрюється або обвинувачується у вчиненні злочину,"середньої тяжкості, за умови, що застосування іншого запобіжного заходу не забезпечить запобігання ризикам, зазначеним у статті 177 КПК Якщо він підозрюється або обвинувачується у вчиненні особливо","тяжкого злочину, за умови, що застосування іншого запобіжного заходу не забезпечить запобігання ризикам, зазначеним у статті 177 КПК України. Якщо він підозрюється або обвинувачується у вчиненні тяжкого чи","особливо тяжкого злочину, за умови, що застосування іншого запобіжного заходу не забезпечить запобігання ризикам, зазначеним у статті 177 КПК України.","Якщо іншим способом неможливо припинити протиправну поведінку неповнолітнього підозрюваного, обвинуваченого.","особливо тяжкого злочину, за умови, що застосування іншого запобіжного заходу не забезпечить запобігання ризикам, зазначеним у статті 177 КПК України."
91,"Хто здійснює розгляд клопотань щодо негласних слідчих (розшукових) дій, який віднесений до повноважень слідчого судді?",Слідчим суддею місцевого суду у межах територіальної юрисдикції якого знаходиться орган досудового розслідування.,"Головою місцевого суду, у межах територіальної юрисдикції якого знаходиться орган досудового розслідування.","Слідчим суддею апеляційного суду, в межах територіальної юрисдикції якого знаходиться орган досудового розслідування.","Колегією у кримінальних справах апеляційного суду, у межах територіальної юрисдикції якого знаходиться орган досудового розслідування.","Слідчим суддею апеляційного суду, в межах територіальної юрисдикції якого знаходиться орган досудового розслідування."
92,Які ухвали слідчого судді НЕ можуть бути оскаржені в апеляційному порядку під час досудового розслідування ?,Про відмову у наданні дозволу на затримання.,Про поміщення особи в приймальник-розподільник для дітей або відмову в такому поміщенні.,Про арешт майна або відмову у ньому.,Про проведення обшуку.,Про проведення обшуку.
93,Що відповідно до КПК України НЕ є критерієм визначення розумності строку?,наявність обґрунтованої підозри щодо вчинення кримінального правопорушення підозрюваним (обвинуваченим),поведінка учасників кримінального провадження,"спосіб здійснення слідчим, прокурором і судом своїх повноважень",складність кримінального провадження,наявність обґрунтованої підозри щодо вчинення кримінального правопорушення підозрюваним (обвинуваченим)
94,Заявник звернувся до слідчого із заявою про вчинення кримінального правопорушення о 10:00. Через необхідність проведення процесуальних дій в іншому провадженні слідчий вніс відомості до ЄРДР про початок досудового розслідування лише о 20:00. На наступний день заявник в 12:00 звернувся з вимогою про отримання витягу з ЄРДР. Чи зобов'язаний слідчий надати витяг ЄРДР заявнику?,"Ні, адже витяг з ЄРДР надається лише потерпілому.","Так, витяг з ЄРДР надається після 24 годин з моменту повідомлення про вчинення кримінального правопорушення.","Ні, витяг з ЄРДР надається після 24 годин з моменту внесення відомостей про кримінальне правопорушення до ЄРДР.","Ні, адже витяг з ЄРДР надається лише в провадженнях приватного обвинувачення.","Ні, витяг з ЄРДР надається після 24 годин з моменту внесення відомостей про кримінальне правопорушення до ЄРДР."
95,"На підставі якої апеляційної скарги може бути скасований виправдувальний вирок, ухвалений судом першої інстанції?",Поданої прокурором з мотивів і підстав виправдання.,"Цивільним відповідачем або його представником у частині, що стосується вирішення цивільного позову.","Цивільним позивачем, його представником або законним представником у частині, що стосується інтересів цивільного позивача.",Законним представником обвинуваченого в інтересах обвинуваченого.,Поданої прокурором з мотивів і підстав виправдання.
96,Яким субʼєктом НЕ може бути внесена застава?,Комунальним підприємством.,"Родичем підозрюваного, обвинуваченого.",Іноземцем.,Захисником.,Комунальним підприємством.
97,Що з переліченого НЕ віднесено до повноважень суду касаційної інстанції за наслідками розгляду касаційної скарги на вирок суду першої інстанції після його перегляду в суді апеляційної інстанції?,Скасувати вирок суду й закрити кримінальне провадження.,Скасувати вирок суду й призначити новий розгляд у суді першої чи апеляційної інстанції.,Змінити вирок суду.,Скасувати вирок повністю чи частково й ухвалити новий вирок.,Скасувати вирок повністю чи частково й ухвалити новий вирок.
98,"Яке рішення має бути прийнято у кримінальному провадженні щодо умисного ухилення від сплати податків, якщо досягнутий податковий компроміс?",Зупинити досудове розслідування.,Закрити кримінальне провадження.,Укласти угоду про визнання вини.,Укласти угоду про примирення.,Закрити кримінальне провадження.
99,"Який документ повинен скласти прокурор для початку досудового розслідування, якщо відсутня технічна можливість доступу до Єдиного реєстру досудових розслідувань через введення воєнного стану?",Рапорт.,Постанову.,Ухвалу.,Протокол.,Постанову.
100,Під час досудового розслідування прокурором прийнято рішення про складання клопотання про звільнення особи від кримінальної відповідальності у зв'язку із зміною обстановки. Підозрюваний не погоджувався із підставою звільнення та наполягав на звільнені у зв'язку з дійовим каяттям. Захисник суді просив задовольнити клопотання прокурора. Яке рішення повинен ухвалити суд?,Відмовити в задоволенні клопотання та призначити судовий розгляд по суті обвинувачення.,Задовольнити клопотання прокурора та звільнити підозрюваного кримінальної відповідальності у зв'язку із зміною обстановки.,Задовольнити клопотання підозрюваного та звільнити його від кримінальної відповідальності у зв'язку з дійовим каяттям.,Відмовити в задоволенні клопотання та повернути його прокурору для здійснення кримінального провадження в загальному порядку.,Відмовити в задоволенні клопотання та повернути його прокурору для здійснення кримінального провадження в загальному порядку.
101,"Касаційна скарга подана особою, яка не має права подавати таку скаргу. Яке рішення слід прийняти суду у даному випадку?",Залишити касаційну скаргу без руху.,Відмовити у відкритті касаційного провадження.,Залишити касаційну скаргу без розгляду.,Повернути касаційну скаргу.,Повернути касаційну скаргу.
102,За наслідками розгляду апеляційної скарги прокурора суд апеляційної інстанції прийшов до висновку про необхідність скасувати виправдувальний вирок з мотивів істотного порушення прав обвинуваченого. Чи правомірні дії суду?,"Так, суд апеляційної інстанції вправі скасувати виправдувальний вирок виключно з мотивів істотного порушення прав обвинуваченого.","Ні, оскільки на виправдувальний вирок апеляційна скарга взагалі може бути подана.","Ні, оскільки суд апеляційної інстанці не досліджує факт порушення прав обвинуваченого під час судового розгляду в суді першої інстанції","Ні, оскільки суд апеляційної інстанції не вправі скасовувати виправдувальний вирок лише з мотивів істотного порушення прав обвинуваченого.","Ні, оскільки суд апеляційної інстанції не вправі скасовувати виправдувальний вирок лише з мотивів істотного порушення прав обвинуваченого."
103,Яке з цих тверджень щодо порядку обʼєднання кримінальних проваджень є НЕ правильним ?,"В одному провадженні можуть бути об’єднані матеріали досудових розслідувань щодо декількох осіб, підозрюваних у вчиненні одного кримінального правопорушення.","В одному кримінальному провадженні можуть бути об’єднані матеріали досудових розслідувань щодо кримінального проступку та щодо злочину, вчинених однією особою.","В одному провадженні можуть бути об’єднані матеріали досудових розслідувань щодо однієї особи, підозрюваної у вчиненні кількох кримінальних правопорушень. В одному провадженні можуть бути об’єднані матеріали досудових","розслідувань, по яких не встановлено підозрюваних, проте є достатні підстави вважати, що кримінальні правопорушення, щодо яких здійснюються ці розслідування, вчинені однією особою (особами).","В одному кримінальному провадженні можуть бути об’єднані матеріали досудових розслідувань щодо кримінального проступку та щодо злочину, вчинених однією особою."
104,Коли може ініціюватися укладення угоди про примирення?,З моменту внесення відомостей про кримінальне правопорушення до ЄРДР та до ухвалення вироку.,З моменту затримання особи за підозрою у вчиненні кримінального правопорушення до початку судового розгляду.,З моменту повідомлення особі про підозру до виходу суду до нарадчої кімнати для ухвалення вироку.,З моменту складення обвинувального акту до виходу суду для ухвалення вироку. ПУБЛІЧНЕ,З моменту повідомлення особі про підозру до виходу суду до нарадчої кімнати для ухвалення вироку.
105,Яким актом за своєю юридичною природою є Меморандум про гарантії безпеки у зв’язку з приєднанням України до Договору про нерозповсюдження ядерної зброї (5 грудня 1994р.) (Будапештський меморандум)?,Міжнародний договір.,Меморандум про взаєморозуміння.,Протокол про наміри.,Політична угода.,Міжнародний договір.
106,"Які наслідки матиме для держави вчинення її дипломатичним представником дій, що являють собою втручання у внутрішні справи держави перебування?",Буде нести відповідальність у будь-якому випадку.,Буде нести відповідальність лише якщо держава перебування оголосить дипломатичного представника persona non grata.,"Не буде нести відповідальності, так як дипломатичний представник діяв з перевищенням своїх повноважень.","Не буде нести відповідальності, так як дипломатичний представник користується дипломатичними імунітетами",Буде нести відповідальність у будь-якому випадку.
107,Держава спорудила штучний острів на відстані 30 морських миль від свого узбережжя та встановила навколо нього зону безпеки розміром одна морська миля від зовнішнього краю споруди острова. Як кваліфікувати дії держави?,"Дії правомірні, оскільки держава має право споруджувати штучні острови.","Дії правомірні, оскільки зона безпеки не перевищує 12 морських миль.","Дії неправомірні, оскільки штучні острови можна споруджувати лише в територіальних водах.","Дії неправомірні, оскільки держава порушила допустиму ширину зони безпеки.","Дії неправомірні, оскільки держава порушила допустиму ширину зони безпеки."
108,"Як називається особлива категорія зобов’язань перед міжнародним співтовариством в цілому, що мають для нього життєво важливе значення і забезпечуються в особливому порядку?",Зобов’язання jus cogens.,Зобов’язання erga omnes.,Зобов’язання ex officio.,Зобов’язання in statu nascendi.,Зобов’язання erga omnes.
109,"Який характер має Резолюція «Мілітаризація Російською Федерацією тимчасово окупованих Автономної Республіки Крим та міста Севастополя, Україна, Чорного і Азовського морів», прийнята ОБСЄ 2019 року?",Документ soft law.,Обов'язковий юридичний.,Характер jus cogens.,Необов'язковий політичний.,Документ soft law.
110,"Як за конвенційним міжнародним гуманітарним правом повинна бути кваліфікована окупація, встановлена без застосування військової сили?",За будь-яких умов як збройний конфлікт міжнародного характеру,"Як збройний конфлікт міжнародного характеру за дотримання умов, визначених Додатковим протоколом 1 1977 р.",Як збройний конфлікт неміжнародного характеру.,Як порушення внутрішнього порядку чи виникнення обстановки внутрішнього напруження.,За будь-яких умов як збройний конфлікт міжнародного характеру
111,На що НЕ розповсюджується правонаступництво у міжнародному праві?,Державну власність.,Державні борги.,Державний бюджет.,Державні архіви.,Державний бюджет.
112,Положення якого міжнародного договору НЕ потребують імплементації в українському законодавстві?,Угода про асоціацію між Україною та ЄС.,Міжнародний пакт про громадянські та політичні права.,Конвенція ООН з морського права.,Статут Співдружності Незалежних Держав.,Статут Співдружності Незалежних Держав.
113,За якої з перелічених умов застосування контрзаходів потерпілою державою буде правомірним відповідно до міжнародного права?,Контрзаходи пропорційні заподіяній шкоді.,Контрзаходи носять превентивний характер.,Контрзаходи затверджуються рішенням Ради Безпеки ООН.,Контрзаходи застосовуються з метою покарання.,Контрзаходи пропорційні заподіяній шкоді.
114,"Держава, яка є стороною у міжнародному збройному конфлікті, має намір застосувати проти супротивника метод ведення бойових дій у відповідності до норм міжнародного гуманітарного права. Який із перелічених методів НЕ є забороненим нормами міжнародного гуманітарного права?","Напад на осіб, що вибули зі строю через поранення.",Симулювання наміру вести переговори.,Невибірковий напад.,Використання дезінформації.,Використання дезінформації.
115,"У державі А. відбувається збройний конфлікт (ЗК) між урядом й антиурядовими силами, за якого урядові війська витіснили антиурядові сили на територію держави Б. Антиурядові сили почали контролювати частину території держави Б. й здійснювати звідти напади на територію держави А. Який тип збройного конфлікту між державою А. й антиурядовими силами має місце в цій ситуації і чому?","Внутрішній ЗК, оскільки він почався на території держави А.","Інтернаціоналізований ЗК, оскільки його сторонами є держави А., Б. та антиурядові сили.","Міжнародний ЗК, оскільки застосовується міжнародне право.","Неміжнародний ЗК, оскільки його учасниками є держава А та антиурядові сили.","Неміжнародний ЗК, оскільки його учасниками є держава А та антиурядові сили."
116,"Верховний Суд Держави Х. у своїй постанові зазначив таке: «Міжнародне право є за своєю суттю міждержавним, тоді як внутрішнє право держави регулює відносини між особами, що перебувають під юрисдикцією, між собою та із державою. Жодна з цих правових систем не може напряму створювати або змінювати норми іншої. Застосування норми міжнародного права судами держави можливе лише за умови, що це передбачено нормою національної правової системи». Якій теорії співвідношення міжнародного та національного права відповідає така позиція Верховного суду?",Плюралістичній.,Дуалістичній.,Моністичній.,Координаційний.,Дуалістичній.
117,Держава А. постійний член Ради Безпеки ООН. У неї існує спір1 і спірна ситуація з державою Б. Якою за Статутом ООН має бути участь держави А. в голосуванні щодо обох питань у Раді Безпеки ООН?,В обох випадках має утриматися від голосування.,У випадку спірної ситуації має утриматися від голосування.,У випадку спору має утриматися від голосування.,В обох випадках може голосувати.,У випадку спору має утриматися від голосування.
118,"Як називається документ держави перебування, який допускає главу консульської установи до виконання своїх функцій?",Агреман.,Патент.,Екзекватура.,Індульгенція.,Екзекватура.
119,"У державі А. сталася аварія на сталеливарному заводі, унаслідок чого отруйні речовини потрапили до транскордонного водотоку й спричинили неможливість використання цих вод у державі Б. Це спричинило потребу очищення їх і знезараження державою Б. Як кваліфікується ця ситуація за міжнародно-правовою відповідальністю (МПВ)?",Немає МПВ внаслідок лиха.,Немає МПВ внаслідок форс-мажору.,Настання МПВ за правомірну діяльність.,Настання МПВ за міжнародно-протиправну діяльність.,Настання МПВ за правомірну діяльність.
120,Під час офіційного прийому військовий держави А. застрелив посла держави Б. що намагався вбити ножем присутніх на прийомі. Якою є кваліфікація ситуації для держави А. з погляду настання міжнародно-правової відповідальності?,"Стан лиха, що виключає міжнародно-правову відповідальність.","Міжнародно-протиправне діяння, що передбачає відповідальність.","Самооборона, що виключає міжнародно-правову відповідальність.","Міжнародно-правова відповідальність за дії, що не заборонені міжнародним правом.","Стан лиха, що виключає міжнародно-правову відповідальність."
121,"Чия поведінка розглядається як діяння держави, за яке вона нестиме міжнародно-правову відповідальність?","Посадових осіб держави, якщо вони діяли виключно в межах повноважень за посадою.","Будь-якого органу держави, навіть якщо перевищено повноваження або порушено інструкції.",Органів законодавчої та виконавчої влади держави.,"Центральних органів держави, виключно якщо не перевищено повноважень або не порушено інструкцій.","Будь-якого органу держави, навіть якщо перевищено повноваження або порушено інструкції."
122,"Після проголошення незалежності держава А. визнала міжнародні кордони держави В. відповідно до принципу uti possidetis. Через 5 років держава А. предʼявила територіальні претензії державі В. пославшись на те, що принцип uti possidetis щодо її кордонів не діє. Яку концепцію міжнародного права порушує держава А.?",Давності володіння.,Естопеля.,Чистої дошки.,Континуїтету. ЗАХИСТ ПРАВ ЛЮДИНИ,Естопеля.
123,"Які з перелічених прав, що захищаються Конвенцією по захист1 прав людини і основоположних свобод, НЕ підлягають жодним обмеженням і НЕ допускають жодних винятків?",Право на життя.,Право на вираження своїх поглядів.,Заборона нелюдського поводження.,Право на свободу та особисту недоторканість.,Заборона нелюдського поводження.
124,Скарга якого з наведених суб’єктів проти України є неприйнятною у Європейському Суді з прав людини?,"іноземця, що незаконно проживає в Україні",іншої Договірної сторони Конвенції,всеукраїнської професійної спілки,державного підприємства,державного підприємства
125,У яких випадках застосування смертної кари НЕ є порушенням1 ст. 2 «Право на життя» Конвенції про захист прав людини і основоположних свобод та Протоколів 6 і 13 до неї?,"у випадку винесення судом смертного вироку за вчинення злочину, за який передбачено такий вид покарання.","у випадку відступу від зобовʼязань під час війни або іншої суспільної небезпеки, яка загрожує життю нації,","з урахуванням протоколів 6 та 13, застосування смертної кари є порушенням ст. 2 у будь-якому випадку.","у випадку засудження особи за злочини проти миру, безпеки людства та міжнародного правопорядку.","з урахуванням протоколів 6 та 13, застосування смертної кари є порушенням ст. 2 у будь-якому випадку."
126,Яка з наведених цілей НЕ може бути легітимною метою обмеження права на свободу мирних зібрань згідно зі статтею 11 Конвенції про захист прав людини і основоположних свобод?,Охорона здоров’я та моралі.,Підтримання авторитету та безсторонності суду.,Захист прав та свобод інших людей.,Національна або громадська безпека.,Підтримання авторитету та безсторонності суду.
127,"Що з наведеного, згідно українського законодавства, НЕ є способом відновлення попереднього юридичного стану особи, щодо якої Європейським судом з прав людини встановлено порушення Конвенції про захист прав людини і основоположних свобод?",виплата відшкодування витрат на правову допомогу;,повторний розгляд справи адміністративним органом;,"притягнення до відповідальності осіб, чиї дії спричинили порушення прав;",внесення змін до чинного законодавства та практики його застосування.,внесення змін до чинного законодавства та практики його застосування.
128,"Відповідно до тлумачень ст. 10 Конвенції про захист прав людини та основоположних свобод Європейським судом з прав людини, яка з названих категорій осіб має найнижчий рівень захисту від критики чи висловлювання оцінок та суджень про неї, які вона вважає критичними?",прокурор міста;,міністр Кабінету міністрів;,звичайний громадянин;,журналіст.,міністр Кабінету міністрів;
129,З якого моменту набуває чинності для України Конвенція про захист прав людини і основоположних свобод (визначте загальний принцип)?,З дати її підписання.,З дати її ратифікації.,З дати депонування ратифікаційної грамоти в Раді Європи.,З дати отримання першої скарги до Європейського Суду з прав людини.,З дати депонування ратифікаційної грамоти в Раді Європи.
130,"Який орган був створений на підставі Факультативного протоколу до Конвенції проти катувань та інших жорстоких, нелюдських або таких, що принижують гідність, видів поводження та покарання?",Комітет проти катувань.,Підкомітет з недопущення катувань.,Комісія з недопущення катувань.,Управління недопущення катувань.,Підкомітет з недопущення катувань.
131,"було порушено кримінальне провадження щодо згаданого вчителя. Заявниця також звернулася до поліції й надала свідчення про епізоди сексуального насильства відносно неї. Відтак заявницю було направлено до безкоштовного психолога, який допоміг їй подолати результати психологічної травми. Слідство було проведено оперативно, учитель, який здійснював домагання, нині відбуває покарання у вигляді позбавлення волі.",Порушено позитивні зобов'язання держави за статтею 3 Конвенції у матеріальному аспекті.,Порушено негативні зобов'язання держави за статтею 3 Конвенції.,Порушено позитивні зобов'язання держави за статтею 3 Конвенції процедурному аспекті.,"Порушено позитивні зобов'язання держави за статтею 3 Конвенції у процедурному, так і в матеріальному аспектах.",Порушено позитивні зобов'язання держави за статтею 3 Конвенції у матеріальному аспекті.
132,Яку умову виправданості втручання в право на повагу до приватного життя порушено державою-відповідачем у справі «S and Marper проти Сполученого Королівства»?,Законність.,Необхідність у демократичному суспільстві.,Наявність легітимної мети.,Якість закону.,Необхідність у демократичному суспільстві.
133,"На якому принципі ґрунтується позиція Європейського суду прав людини про те, що він НЕ є судом четвертої інстанції?",Верховенства права.,Інстанційності судової системи.,Субсидіарності.,Необхідності в демократичному суспільстві.,Субсидіарності.
134,"Які принципи щодо права власності застосував Європейський суд з прав людини у справі «Зеленчук і Цицюра проти України», Nº і Nº 1075/16, 2018 р.?",Субсидіарності та демократизму.,"Володіння, користування та розпорядження майном.","Законності, загального інтересу та пропорційності.",Вільної конкуренції та свободи.,"Законності, загального інтересу та пропорційності."
135,"У рішенні з якої справи Європейський суд з прав людини констатував порушення статті 2 «Право на життя» Конвенції про захист прав людини і основоположних свобод указавши, що дії співробітників британських спецслужб, які призвели до вбивства трьох членів ІРА не можна вважати таким застосуванням сили, яке було «абсолютно необхідним»?",«Гріббен проти Сполученого Королівства».,"«Сьорінг проти Сполученого Королівства»,",«Маккогі та інші проти Сполученого Королівства».,«Маккан та інши проти Сполученого Королівства».,«Маккан та інши проти Сполученого Королівства».
136,"Оберіть варіант, який містить коректне твердження про Африканський механізм захисту прав людини",Африканський механізм захисту прав людини почав функціонувати відразу після Другої світової війни і натепер є найефективнішим регіональним механізмом захисту прав людини,Африканський механізм захисту прав людини складається з Комітету людських прав та Африканської комісії з гендерної рівності,Африканський механізм захисту прав людини розпочав повноцінне функціонування вже у ХХІ столітті,"Африканський механізм захисту прав людини фактично не існує, жодних регіональних документів, спрямованих на захист прав людини, не ухвалено",Африканський механізм захисту прав людини розпочав повноцінне функціонування вже у ХХІ столітті
137,"Які з наведених нижче категорій осіб, відповідно до усталеної практики ЄСПЛ, НЕ користуються захистом статті 10 ЄКПЛ як «сторожові пси» у демократичному суспільстві?",Журналісти інтернет-видань,Академічні дослідники,Представники неурядових організацій,"Прес-секретарі органів державної влади з практикою Європейського суду з прав людини (ЄСПЛ), ""сторожовими демократичного суспільства є журналісти, правозахисники, громадські діячі, науковці та представники неурядових організацій, які активно та захищають права людини, викривають зловживання владою, та","Прес-секретарі органів державної влади з практикою Європейського суду з прав людини (ЄСПЛ), ""сторожовими демократичного суспільства є журналісти, правозахисники, громадські діячі, науковці та представники неурядових організацій, які активно та захищають права людини, викривають зловживання владою, та"
138,"Які умови є визначальними для висновку про те, що конкретне місце проживання особи є «житлом» у розумінні його захисту на підставі ст. 8 ЄКПЛ?","Наявність достатніх та триваючих зв’язків особи із приміщенням, незалежно від законності його зайняття.","Доведений факт законності зайняття особою приміщення, незалежно від тривалості перебування в ньому.","Обґрунтоване припущення законності зайняття особою приміщення, незалежно від тривалості перебування в ньому.","Будь-який зв’язок особи із приміщенням, незалежно від його тривалості та достатності.","Наявність достатніх та триваючих зв’язків особи із приміщенням, незалежно від законності його зайняття."
139,У чому полягає суть свободи розсуду держави згідно з принципами тлумачення ЄСПЛ?,"Національні органи, у першу чергу, повинні враховувати специфіку ратифікованих міжнародних та європейських конвенцій.","Обов’язок застосовувати, тлумачити та конкретизувати норми ЄКПЛ покладаються, у першу чергу, на національні органи.","Враховувати, що Високі Договірні Сторони зобов’язуються виконувати остаточне рішення ЄСПЛ в будь-якій справі, де вони є сторонами.","Враховувати рекомендації Пленуму Верховного Суду щодо вільної оцінки, у першу чергу, допустимості обмеження прав і свобод.","Обов’язок застосовувати, тлумачити та конкретизувати норми ЄКПЛ покладаються, у першу чергу, на національні органи."
140,Яке рішення ухвалив Європейський суд з прав людини у справі «Пічкур проти України»?,Дискримінаційне порушення права на власність.,Порушення права на власність недискримінаційного характеру.,Порушення права на повагу до приватного життя.,"Немає порушення будь-яких прав, гарантованих Конвенцією. не к этому контенту. с владельцем формы Условия использования Политика Эта форма кажется вам подозрительной? Пожаловаться Формы",Дискримінаційне порушення права на власність.
